1,"Ben Nevis",1344,350377,"Ben Nevis",56.7965,-5.0013,1344.0,140.9
2,"Ben Macdui",1309,350373,"Ben Macdui",57.0724,-3.668,1309.0,235.5
3,"Braeriach",1296,350560,"Braeriach",57.0749,-3.7288,1296.0,378.7
4,"Cairn Toul",1291,350716,"Cairn Toul",57.0516,-3.711,1291.0,311.3
5,"Sgor an Lochan Uaine (The Angel's Peak)",1258,353406,"Sgor An Lochain Uaine",57.0565,-3.7203,1258.0,392
6,"Cairn Gorm",1244,3065,"Cairn Gorm Summit",57.116,-3.642,1245.0,169.3
7,"Aonach Beag",1234,350117,"Aonach Beag (1238m)",56.7981,-4.9508,1238.0,292.3
8,"Aonach Mor",1221,350119,"Aonach Mor",56.8122,-4.9575,1219.0,270.8
9,"Carn Mor Dearg",1220,350793,"Carn Mor Dearg",56.8056,-4.9838,1223.0,175.9
10,"Ben Lawers",1214,350370,"Ben Lawers",56.5467,-4.2186,1214.0,241.4
11,"Beinn a' Bhuird",1197,352853,"North Top",57.0868,-3.5016,1197.0,161
12,"Carn Eighe",1183,350788,"Carn Eige",57.2881,-5.1143,1183.0,65.9
13,"Beinn Mheadhoin",1182,350334,"Beinn Mheadhoin",57.0981,-3.6093,1182.0,282.4
14,"Mam Sodhail",1181,352507,"Mam Sodhail",57.2814,-5.1188,1180.0,198.5
15,"Stob Choire Claurigh",1177,353683,"Stob Choire Claurigh",56.8225,-4.8423,1177.0,468
16,"Ben More (Glen Dochart)",1174,350375,"Ben More (Stirling)",56.3877,-4.5399,1174.0,194.8
17,"Ben Avon* Leabaoidh an Daimh Bhuide",1171,352235,"Leabaidh An Daimh Bhuidhe",57.1,-3.4319,1171.0,168.7
18,"Stob Binnein",1165,353682,"Stob Binnein",56.371,-4.5376,1165.0,117.8
19,"Beinn Bhrotain",1157,350315,"Beinn Bhrotain",57.0071,-3.7187,1157.0,436.5
20,"Derry Cairngorm",1155,351197,"Derry Cairngorm",57.0652,-3.6221,1155.0,266.8
21,"Lochnagar",1155,352399,"Lochnagar",56.9571,-3.2442,1155.0,356.5
22,"Sgurr nan Ceathreamhnan",1151,353446,"Sgurr Nan Ceathreamhnan",57.2548,-5.2256,1151.0,172.9
23,"Bidean nam Bian",1150,350420,"Bidean Nam Bian",56.6437,-5.0321,1150.0,198.3
24,"Sgurr na Lapaich",1150,353442,"Sgurr Na Lapaich",57.3705,-5.0583,1150.0,157.4
25,"Ben Alder",1148,350365,"Ben Alder",56.8127,-4.4624,1148.0,204.1
26,"Geal-Charn",1132,351553,"Geal Charn (1132m)",56.8382,-4.5058,1132.0,242.3
27,"Binnein Mor",1130,350438,"Binnein Mor",56.7557,-4.9218,1128.0,285.6
28,"Ben Lui (Beinn Laoigh)",1130,350372,"Ben Lui",56.3969,-4.8092,1130.0,81.6
29,"An Riabhachan",1129,350098,"An Riabhachan",57.3647,-5.0992,1129.0,416.7
30,"Creag Meagaidh",1128,351067,"Creag Meagaidh",56.9511,-4.5927,1130.0,578.4
31,"Ben Cruachan",1126,350368,"Ben Cruachan",56.4257,-5.1314,1126.0,129.4
32,"Carn nan Gabhar",1121,350796,"Carn Nan Gabhar",56.8403,-3.6862,1121.0,121.3
33,"A' Chralaig",1120,350029,"A'Chralaig",57.1825,-5.1542,1120.0,197.3
34,"An Stuc",1118,350103,"An Stuc",56.5605,-4.2145,1118.0,116.8
35,"Meall Garbh",1118,352584,"Meall Garbh (1118m)",56.5665,-4.2034,1118.0,267.2
36,"Sgor Gaoith",1118,353408,"Sgor Gaoith",57.0625,-3.815,1118.0,719
37,"Aonach Beag",1116,350118,"Aonach Beag (Highland)",56.8348,-4.5266,1114.0,213.7
38,"Stob Coire an Laoigh",1116,353687,"Stob Coire An Laoigh",56.8096,-4.8801,1115.0,324.4
39,"Stob Coire Easain",1115,353688,"Stob Coire Easain",56.8168,-4.773,1116.0,160.5
40,"Monadh Mor",1113,352661,"Monadh Mor",57.0278,-3.7524,1113.0,178.8
41,"Tom a' Choinich",1112,353934,"Tom A' Choinich",57.2983,-5.0492,1111.0,140.2
42,"Carn a' Choire Boidheach",1110,350775,"Carn A' Coire Bhoidheach",56.9457,-3.2704,1110.0,140.2
43,"Sgurr Mor",1110,353435,"Sgurr Mor (1110m)",57.6999,-5.0137,1110.0,183
44,"Sgurr nan Conbhairean",1109,353450,"Sgurr Nan Conbhairean",57.1774,-5.1005,1110.0,307.9
45,"Meall a' Bhuiridh",1108,352576,"Meall A' Bhuiridh",56.6121,-4.8486,1108.0,213.2
46,"Stob a' Choire Mheadhoin",1105,353678,"Stob A' Choire Mheadhoin",56.8245,-4.7576,1106.0,181.9
47,"Beinn Ghlas",1103,350327,"Beinn Ghlas",56.5378,-4.2353,1103.0,224.5
48,"Beinn Eibhinn",1102,350322,"Beinn Eibhinn",56.8261,-4.5379,1101.0,271.3
49,"Mullach Fraoch-choire",1102,352719,"Mullach Fraoch-Choire",57.203,-5.1543,1102.0,285
50,"Creise",1100,353632,"Sron Na Creise",56.6135,-4.8696,1100.0,179.8
51,"Sgurr a' Mhaim",1099,353419,"Sgurr A' Mhaim",56.7569,-5.0015,1098.0,172.3
52,"Sgurr Choinnich Mor",1094,353427,"Sgurr Choinnich Mor",56.8002,-4.9009,1095.0,187
53,"Sgurr nan Clach Geala",1093,353447,"Sgurr Nan Clach Geala",57.6959,-5.0445,1093.0,226.3
54,"Bynack More",1090,350704,"Bynack More",57.138,-3.5826,1090.0,130
55,"Stob Ghabhar",1090,353694,"Stob Ghabhar",56.5651,-4.8767,1087.0,470
56,"Beinn a' Chlachair",1087,350305,"Beinn A' Chlachair",56.8683,-4.5081,1087.0,166.8
57,"Beinn Dearg",1084,350318,"Beinn Dearg (Highland)",57.7856,-4.9298,1084.0,84.6
58,"Beinn a' Chaorainn",1083,350303,"Beinn A' Chaorainn (Aberdeenshire)",57.0959,-3.5755,1082.0,311.9
59,"Schiehallion",1083,353377,"Schiehallion",56.6652,-4.0955,1083.0,347.1
60,"Sgurr a' Choire Ghlais",1083,353416,"Sgurr A' Choire Ghlais",57.4452,-4.8975,1083.0,387.9
61,"Beinn a' Chreachain",1081,350309,"Beinn A' Chreachain",56.5563,-4.6451,1081.0,479.4
62,"Beinn Heasgarnich",1078,350328,"Beinn Heasgarnich",56.5122,-4.5778,1076.0,231.4
63,"Ben Starav",1078,350379,"Ben Starav",56.5365,-5.0492,1078.0,273.7
64,"Beinn Dorain",1076,350320,"Beinn Dorain",56.5061,-4.7227,1074.0,358.8
65,"Stob Coire Sgreamach",1072,353689,"Stob Coire Sgreamhach",56.6379,-5.0105,1072.0,48.7
66,"Braigh Coire Chruinn-bhalgain",1070,350562,"Braigh Coire Chruinn-Bhalgain",56.8332,-3.7263,1069.0,305.7
67,"An Socach",1069,350102,"An Socach (Loch Mullardoch)",57.3508,-5.1563,1069.0,152
68,"Meall Corranaich",1069,352582,"Meall Corranaich",56.5425,-4.2531,1069.0,174.3
69,"Glas Maol",1068,351578,"Glas Maol",56.8722,-3.3696,1068.0,126.5
70,"Sgurr Fhuaran",1067,353431,"Sgurr Fhuaran",57.1929,-5.3431,1068.0,451.6
71,"Cairn of Claise",1064,350715,"Cairn Of Claise",56.8955,-3.339,1064.0,148.5
72,"Bidean a' Ghlas Thuill (An Teallach)",1062,350421,"Bidein A' Ghlas Thuill",57.8079,-5.2483,1062.0,223.9
73,"Sgurr Fiona (An Teallach)",1060,353433,"Sgurr Fiona",57.7998,-5.257,1059.0,177.6
74,"Na Gruagaichean",1056,352734,"Na Gruagaichean",56.7446,-4.9376,1055.0,171.9
75,"Spidean a Choire Leith (Liathach)",1055,353618,"Spidean A' Choire Leith",57.5661,-5.4649,1054.0,225.4
76,"Stob Poite Coire Ardair",1054,353696,"Stob Poite Coire Ardair",56.9644,-4.5841,1053.0,107.6
77,"Toll Creagach",1054,353931,"Toll Creagach",57.3062,-5.0015,1054.0,349.2
78,"Sgurr a' Chaorachain",1053,353415,"Sgurr A' Chaorachain",57.454,-5.1919,1053.0,228.7
79,"Beinn a' Chaorainn",1052,350304,"Beinn A' Chaorainn (Highland)",56.9255,-4.6546,1050.0,354.4
80,"Glas Tulaichean",1051,351579,"Glas Tulaichean",56.8662,-3.5531,1051.0,312.5
81,"Geal Charn",1049,351552,"Geal Charn (1049m)",56.8979,-4.4593,1049.0,126.3
82,"Sgurr Fuar-thuill",1049,353432,"Sgurr Fhuar-Thuill",57.4495,-4.9412,1049.0,40.1
83,"Carn an t-Sagairt Mor",1047,350780,"Carn An T-Sagairt Mor",56.9433,-3.3013,1047.0,122.4
84,"Creag Mhor",1047,351068,"Creag Mhor",56.4939,-4.6131,1032.0,491.4
85,"Ben Wyvis* Glas Leathad Mor",1046,351577,"Glas Leathad Mor",57.6816,-4.5753,1046.0,382.8
86,"Chno Dearg",1046,350911,"Chno Dearg",56.8282,-4.6578,1047.0,279.3
87,"Cruach Ardrain",1046,351115,"Cruach Ardrain",56.3548,-4.5815,1045.0,376
88,"Beinn Iutharn Mhor",1045,350330,"Beinn Iutharn Mhor",56.8941,-3.5628,1045.0,344.4
89,"Meall nan Tarmachan",1044,352595,"Meall Nan Tarmachan",56.5201,-4.3013,1043.0,172.9
90,"Stob Coire 'an Albannaich",1044,353685,"Stob Coir' An Albannaich",56.5546,-4.9811,1044.0,86.7
91,"Carn Mairg",1041,350794,"Carn Mairg",56.6348,-4.1442,1042.0,87.6
92,"Sgurr na Ciche",1040,353440,"Sgurr Na Ciche",57.0127,-5.4529,1040.0,253.6
93,"Meall Ghaordie",1039,352586,"Meall Ghaordie",56.5256,-4.4139,1039.0,170.5
94,"Beinn Achaladair",1038,350311,"Beinn Achaladair",56.5496,-4.6897,1038.0,390
95,"Carn a' Mhaim",1037,350777,"Carn A' Mhaim",57.0364,-3.6533,1037.0,313
96,"Sgurr a' Bhealaich Dheirg",1036,353414,"Sgurr A' Bhealaich Dheirg",57.1751,-5.2532,1038.0,309.2
97,"Gleouraich",1035,351606,"Gleouraich",57.0957,-5.2347,1035.0,258.9
98,"Carn Dearg",1034,350784,"Carn Dearg (1034m)",56.8533,-4.4549,1034.0,216.1
99,"Am Bodach",1032,350082,"Am Bodach",56.7428,-4.9823,1032.0,136.7
100,"Beinn Fhada",1032,350324,"Beinn Fhada",57.221,-5.2825,1032.0,61.3
101,"Ben Oss",1029,350378,"Ben Oss",56.3893,-4.773,1028.0,153.2
102,"Carn an Righ",1029,350779,"Carn An Righ",56.8779,-3.5866,1029.0,547.4
103,"Carn Gorm",1029,350790,"Carn Gorm",56.6221,-4.2223,1029.0,234.2
104,"Sgurr a' Mhaoraich",1027,353420,"Sgurr A' Mhaoraich",57.1058,-5.3263,1027.0,250.9
105,"Sgurr na Ciste Duibhe",1027,353441,"Sgurr Na Ciste Duibhe",57.1778,-5.3329,1027.0,431.5
106,"Ben Challum",1025,350366,"Ben Challum",56.4536,-4.6194,1022.0,108.1
107,"Sgorr Dhearg (Beinn a' Bheithir)",1024,353410,"Sgorr Dhearg",56.6531,-5.1723,1024.0,103.3
108,"Mullach an Rathain (Liathach)",1023,352716,"Mullach An Rathain",57.5632,-5.4941,1023.0,272.9
109,"Aonach air Chrith",1021,350116,"Aonach Air Chrith",57.123,-5.2228,1021.0,203.8
110,"Buachaille Etive Mor* Stob Dearg",1021,353691,"Stob Dearg",56.6483,-4.8996,1022.0,234.6
111,"Ladhar Bheinn",1020,352189,"Ladhar Bheinn",57.0758,-5.5889,1020.0,182
112,"Beinn Bheoil",1019,350313,"Beinn Bheoil",56.8137,-4.4284,1019.0,144.6
113,"Carn an Tuirc",1019,350781,"Carn An Tuirc",56.9094,-3.3592,1019.0,176.9
114,"Mullach Clach a' Bhlair",1019,352717,"Mullach Clach A' Bhlair",57.0099,-3.8384,1019.0,280.4
115,"Mullach Coire Mhic Fhearchair",1018,352718,"Mullach Coire Mhic Fhearchair",57.7112,-5.274,1019.0,289.1
116,"Garbh Chioch Mhor",1013,351538,"Garbh Chioch Mhor",57.0083,-5.4432,1013.0,74.6
117,"Cairn Bannoch",1012,350712,"Cairn Bannoch",56.9274,-3.2833,1012.0,299.3
118,"Ben Ime",1011,350329,"Beinn Ime",56.234,-4.8131,1011.0,401.6
119,"Beinn Udlamain",1011,350343,"Beinn Udlamain",56.8338,-4.3269,1010.0,261.1
120,"Beinn Eighe (Ruadh-stac Mor)",1010,353276,"Ruadh-Stac Mor",57.5939,-5.4284,1010.0,65.4
121,"The Saddle",1010,353870,"The Saddle",57.1601,-5.4139,1010.0,259.9
122,"Sgurr an Doire Leathain",1010,353422,"Sgurr An Doire Leathain",57.133,-5.2787,1010.0,462
123,"Sgurr Eilde Mor",1010,353430,"Sgurr Eilde Mor",56.7473,-4.8981,1008.0,343.2
124,"Beinn Dearg",1008,350319,"Beinn Dearg (Perth & Kinross)",56.8787,-3.8816,1008.0,198.1
125,"An Sgarsoch",1006,350099,"An Sgarsoch",56.9345,-3.7491,1006.0,428.8
126,"Carn Liath",1006,350791,"Carn Liath (Highland)",56.9794,-4.5111,1006.0,263.8
127,"Maoile Lunndaidh",1005,352523,"Maoile Lunndaidh",57.4655,-5.1093,1007.0,152.6
128,"Beinn Fhionnlaidh",1005,350326,"Beinn Fhionnlaidh (Highland)",57.3061,-5.1289,1005.0,61.7
129,"Beinn an Dothaidh",1004,350312,"Beinn An Dothaidh",56.5286,-4.714,1002.0,168.3
130,"The Devil's Point",1004,353855,"The Devil's Point",57.0362,-3.69,1004.0,90.2
131,"Sgurr an Lochain",1004,353423,"Sgurr An Lochain",57.1386,-5.2925,1004.0,421.5
132,"Sgurr Mor",1003,353434,"Sgurr Mor (1003m)",57.0268,-5.3486,1003.0,384
133,"Sail Chaorainn",1002,353556,"SÃ³il Chaorainn",57.1893,-5.0929,1002.0,298.9
134,"Sgurr na Carnach",1002,353439,"Sgurr Na Carnach",57.1858,-5.3458,1002.0,413.7
135,"Aonach Mheadhoin",1001,350120,"Aonach Meadhoin",57.1709,-5.2325,1003.0,316.8
136,"Meall Greigh",1001,352589,"Meall Greigh",56.5678,-4.1568,1001.0,173.1
137,"Sgorr Dhonuill (Beinn a' Bheithir)",1001,353411,"Sgorr Dhonuil",56.6497,-5.1992,1001.0,125.2
138,"Sgurr Breac",999,353425,"Sgurr Breac",57.6899,-5.0914,1000.0,239.8
139,"Sgurr Choinnich",999,353426,"Sgurr Choinnich",57.4519,-5.2127,999.0,302.3
140,"Stob Ban",999,353681,"Stob Ban (Mamores)",56.7467,-5.0262,999.0,418.7
141,"Ben More Assynt",998,350376,"Ben More Assynt",58.1384,-4.8577,998.0,38.4
142,"Broad Cairn",998,350616,"Broad Cairn",56.92,-3.2527,998.0,240
143,"Stob Diamh",998,353692,"Stob Diamh",56.4291,-5.0935,998.0,281.6
144,"A' Chailleach",997,350024,"A'Chailleach (Fannaich Region)",57.6926,-5.1328,999.0,275.3
145,"Glas Bheinn Mhor",997,351576,"Glas Bheinn Mhor",56.5405,-5.0061,993.0,221.5
146,"Spidean Mialach",996,353620,"Spidean Mialach",57.0889,-5.1958,996.0,132.3
147,"An Caisteal",995,350094,"An Caisteal",56.3384,-4.6282,995.0,237.2
148,"Carn an Fhidhleir",994,350778,"Carn An Fhidhleir",56.9384,-3.8009,994.0,279.7
149,"Sgor na h-Ulaidh",994,353409,"Sgor Na H-Ulaidh",56.6197,-5.0852,994.0,313.6
150,"Spidean Coire nan Clach (Beinn Eighe)",993,353619,"Spidean Coire Nan Clach",57.5807,-5.4041,993.0,157.2
151,"Sgurr na Ruaidhe",993,353443,"Sgurr Na Ruaidhe",57.4455,-4.8393,993.0,904.8
152,"Carn nan Gobhar (Glen Cannich)",992,350798,"Carn Nan Gobhar (Loch Mullardoch)",57.3648,-5.0223,992.0,214
153,"Carn nan Gobhar (Glen Strathfarrar)",992,350797,"Carn Nan Gobhar (Glen Strathfarrar)",57.4529,-4.8715,992.0,508.6
154,"Sgurr Alasdair",992,353421,"Sgurr Alasdair",57.2076,-6.2244,993.0,112.5
155,"Sgairneach Mhor",991,353404,"Sgairneach Mhor",56.8282,-4.2984,991.0,46.1
156,"Beinn Eunaich",989,350323,"Beinn Eunaich",56.4502,-5.028,988.0,85.3
157,"Sgurr Ban (Letterewe)",989,353424,"Sgurr Ban",57.7184,-5.2695,989.0,214.2
158,"Conival",987,351001,"Conival",58.1362,-4.8804,987.0,190.5
159,"Creag Leachach",987,351066,"Creag Leacach",56.8527,-3.388,987.0,215.3
160,"Druim Shionnach",987,351255,"Druim Shionnach",57.1258,-5.1804,987.0,185
161,"Gulvain",987,351704,"Gulvain",56.9372,-5.2827,987.0,156.8
162,"Sgurr Mhor (Beinn Alligin)",986,353436,"Sgurr Mhor",57.5905,-5.569,985.0,227.1
163,"Lurg Mhor",986,352463,"Lurg Mhor",57.413,-5.2242,986.0,34.5
164,"Sgurr Dearg (The Inaccessible Pinnacle)",986,353428,"Sgurr Dearg",57.214,-6.2357,986.0,97
165,"Ben Vorlich (by Loch Earn)",985,350382,"Ben Vorlich (Perth & Kinross)",56.3462,-4.2136,985.0,532.7
166,"An Gearanach",982,350097,"An Gearanach",56.7602,-4.9664,982.0,118.1
167,"Mullach na Dheiragain",982,352720,"Mullach Na Dheiragain",57.2848,-5.1855,982.0,163.9
168,"Maol Chinn-dearg",981,352525,"Maol Chinn-Dearg",57.1258,-5.2505,981.0,234.8
169,"Meall nan Aighean",981,352590,"Meall Na Aighean",56.6209,-4.1219,981.0,419.6
170,"Slioch - North Top",981,353542,"Slioch",57.666,-5.3422,980.0,316.5
171,"Stob Coire a' Chairn",981,353686,"Stob Coire A' Chairn",56.7516,-4.9681,981.0,110.6
172,"Beinn a' Chochuill",980,350308,"Beinn A' Chochuil",56.4478,-5.0666,980.0,251.2
173,"Ciste Dhubh",979,350926,"Ciste Dhubh",57.1989,-5.208,982.0,72.1
174,"Stob Coire Sgriodain",979,353690,"Stob Coire Sgriodain",56.8294,-4.692,976.0,314.6
175,"Beinn Dubhchraig",978,350321,"Beinn Dubhchraig",56.3925,-4.7415,977.0,169
176,"Cona' Mheall",978,350994,"Cona Mheall",57.789,-4.9068,980.0,305.8
177,"Meall nan Ceapraichean",977,352592,"Meall Nan Ceapraichean",57.7986,-4.9327,977.0,78.4
178,"Stob Ban",977,353680,"Stob Ban (Grey Corries)",56.8095,-4.8355,977.0,351.2
179,"A' Mharconaich",975,350090,"A'Mharconaich",56.859,-4.2929,975.0,261.2
180,"Carn a' Gheoidh",975,350776,"Carn A' Gheoidh",56.8729,-3.4658,975.0,52.9
181,"Carn Liath",975,350792,"Carn Liath (Perth & Kinross)",56.8073,-3.742,975.0,138.4
182,"Stuc a' Chroin",975,353754,"Stuc A' Chroin",56.3332,-4.2337,972.0,492.4
183,"Beinn Sgritheall",974,350338,"Beinn Sgritheall",57.1544,-5.5761,981.0,228
184,"Ben Lomond",974,350371,"Ben Lomond",56.1896,-4.6229,974.0,630
185,"Sgurr a' Ghreadhaidh",973,353417,"Sgurr A' Ghreadaidh",57.2272,-6.2336,973.0,51.3
186,"Meall Garbh",968,352585,"Meall Garbh (968m)",56.635,-4.198,968.0,635.6
187,"A' Mhaighdean",967,350089,"A'Mhaighdean",57.7209,-5.3464,967.0,140.9
188,"Sgorr nam Fiannaidh (Aonach Eagach)",967,353412,"Sgorr Nam Fiannaidh",56.682,-5.0398,966.0,332.8
189,"Ben More",966,350374,"Ben More (Argyll & Bute)",56.423,-6.0143,966.0,204.1
190,"Sgurr na Banachdich",965,353438,"Sgurr Na Banachdich",57.2215,-6.2415,965.0,60
191,"Sgurr nan Gillean",964,353453,"Sgurr Nan Gillean",57.2483,-6.1924,965.0,42.2
192,"Carn a' Chlamain",963,350774,"Carn A' Chlamain",56.8668,-3.7812,963.0,655.5
193,"Sgurr Thuilm",963,353454,"Sgurr Thuilm",56.9352,-5.3904,963.0,218.7
194,"Ben Klibreck",962,352593,"Meall Nan Con",58.2351,-4.4075,961.0,212.8
195,"Sgorr Ruadh",962,353413,"Sgorr Ruadh",57.503,-5.4091,960.0,493.5
196,"Beinn nan Aighenan",960,350336,"Beinn Nan Aighenan",56.519,-5.0127,957.0,162.9
197,"Stuchd an Lochain",960,353755,"Stuchd An Lochain",56.5688,-4.4714,960.0,239.1
198,"Beinn Fhionnlaidh",959,350325,"Beinn Fhionnlaidh (Argyll & Bute)",56.5998,-5.1116,959.0,440.3
199,"Meall Glas",959,352587,"Meall Glas",56.4559,-4.5476,957.0,52.2
200,"Bruach na Frithe",958,350657,"Bruach Na Frithe",57.2462,-6.2085,958.0,151.5
201,"Buachaille Etive Beag* Stob Dubh",958,353693,"Stob Dubh",56.6386,-4.9722,958.0,102
202,"Tolmount",958,353933,"Tolmount",56.906,-3.296,958.0,183.9
203,"Carn Ghluasaid",957,350789,"Carn Ghluasaid",57.1655,-5.0661,957.0,133.8
204,"Tom Buidhe",957,353935,"Tom Buidhe",56.8932,-3.2899,957.0,156.1
205,"Saileag",956,353301,"Saileag",57.1788,-5.2757,959.0,436.8
206,"Sgurr nan Coireachean",956,353449,"Sgurr Nan Coireachan (Glen Finnan)",56.9347,-5.4482,956.0,116.3
207,"Buachaille Etive Mor* Stob na Broige",956,353695,"Stob Na Broige",56.6311,-4.9519,956.0,143.2
208,"Sgor Gaibhre",955,353407,"Sgor Gaibhre",56.7755,-4.5461,952.0,329.6
209,"Beinn Liath Mhor Fannaich",954,350332,"Beinn Liath Mhor Fannaich",57.7059,-4.9857,954.0,243.2
210,"Am Faochagach",953,350083,"Am Faochagach",57.7715,-4.8545,954.0,48.9
211,"Beinn Mhanach",953,350333,"Beinn Mhanach",56.5323,-4.6447,953.0,210.7
212,"Meall Dearg (Aonach Eagach)",953,352583,"Meall Dearg",56.6818,-5.0043,951.0,135.5
213,"Sgurr nan Coireachan",953,353448,"Sgurr Nan Coireachan (Glen Dessary)",57.0051,-5.4025,953.0,289.9
214,"Meall Chuaich",951,352581,"Meall Chuaich",56.9616,-4.112,951.0,252.5
215,"Meall Gorm",949,352588,"Meall Gorm",57.6828,-4.9825,949.0,231.6
216,"Beinn Bhuidhe",948,350316,"Beinn Bhuidhe",56.326,-4.9067,948.0,73.6
217,"Sgurr Mhic Choinnich",948,353421,"Sgurr Alasdair",57.2076,-6.2244,993.0,152.7
218,"Creag a' Mhaim",947,351065,"Creag A' Mhaim",57.1216,-5.1657,947.0,348.3
219,"Driesh",947,351247,"Driesh",56.8478,-3.1954,947.0,71.9
220,"Beinn Tulaichean",946,350342,"Beinn Tulaichean",56.34,-4.5694,946.0,448
221,"Carn Bhac",946,350783,"Carn Bhac",56.9296,-3.5595,946.0,134
222,"Meall Buidhe",946,352579,"Meall Buidhe (Highland)",57.0352,-5.5411,946.0,514.6
223,"Sgurr na Sgine",946,353444,"Sgurr Na Sgine",57.1447,-5.394,945.0,310.4
224,"Bidean a' Choire Sheasgaich",945,350419,"Bidean A' Choire Sheasgaich",57.4203,-5.2521,945.0,117
225,"Carn Dearg",945,350786,"Carn Dearg (945m)",57.0984,-4.2608,945.0,821.1
226,"Stob a' Choire Odhair",945,353679,"Stob A' Choire Odhair",56.5694,-4.8339,947.0,511.4
227,"An Socach",944,350100,"An Socach (Glen Ey)",56.9055,-3.51,944.0,404.4
228,"Sgurr Dubh Mor",944,353429,"Sgurr Dubh Mor",57.2049,-6.2135,944.0,125.2
229,"Ben Vorlich",943,350381,"Ben Vorlich (Argyll & Bute)",56.2746,-4.7515,943.0,228
230,"Binnean Beag",943,350437,"Binnein Beag",56.7672,-4.9081,940.0,182.2
231,"Beinn a' Chroin",942,350310,"Beinn A' Chroin",56.3304,-4.6039,940.0,395.3
232,"Carn Dearg",941,350785,"Carn Dearg (939m)",56.7625,-4.5873,939.0,326.3
233,"Carn na Caim",941,350795,"Carn Na Caim",56.9107,-4.1761,941.0,151.8
234,"Luinne Bheinne",939,352460,"Luinne Bheinn",57.053,-5.5128,939.0,522.1
235,"Mount Keen",939,352701,"Mount Keen",56.9699,-2.9709,939.0,165.8
236,"Mullach na Coirean",939,352721,"Mullach Nan Coirean",56.7518,-5.0679,939.0,347.6
237,"Beinn Sgulaird",937,350339,"Beinn Sgulaird",56.5673,-5.1703,932.0,118.8
238,"Beinn Tarsuinn",937,350340,"Beinn Tarsuinn",57.7034,-5.2988,936.0,453.2
239,"Sron a' Choire Ghairbh",937,353631,"Sron A' Choire Ghairbh",57.0074,-4.9287,935.0,49
240,"A' Bhuidheanach Bheag",936,350001,"A' Bhuidheanach Bheag",56.8716,-4.1969,936.0,178.1
241,"Beinn na Lap",935,350335,"Beinn Na Lap",56.7896,-4.6543,937.0,347.6
242,"Am Basteir",934,350081,"Am Basteir",57.2474,-6.2007,935.0,149.4
243,"Meall a' Chrasgaidh",934,352578,"Meall A' Chrasgaidh",57.7131,-5.0458,934.0,175.6
244,"Beinn Chabhair",933,350317,"Beinn Chabhair",56.3252,-4.6457,931.0,267.6
245,"The Cairnwell",933,3072,"Cairnwell",56.879,-3.42,933.0,91.7
246,"Fionn Bheinn",933,351468,"Fionn Bheinn",57.6101,-5.1016,933.0,134.1
247,"Maol Chean-dearg",933,352524,"Maol Chean-Dearg",57.4965,-5.4678,933.0,550.7
248,"Meall Buidhe",932,352580,"Meall Buidhe (Perth & Kinross)",56.616,-4.4461,931.0,206.3
249,"Beinn Bhreac",931,350314,"Beinn Bhreac",57.0573,-3.5561,931.0,295.2
250,"Ben Chonzie (Ben-y-Hone)",931,350367,"Ben Chonzie",56.4557,-3.9881,931.0,318.4
251,"A' Chailleach",930,350025,"A'Chailleach (Monadh Liath Region)",57.1087,-4.1776,930.0,139.9
252,"Bla Bheinn (Blaven)",928,350463,"Bla Bheinn",57.2207,-6.0905,928.0,206.3
253,"Mayar",928,352569,"Mayar",56.8508,-3.2478,928.0,226.1
254,"Meall nan Eun",928,352594,"Meall Nan Eun",56.5599,-4.939,926.0,277.6
255,"Moruisg",928,352686,"Moruisg",57.5009,-5.1691,928.0,160.6
256,"Ben Hope",927,350369,"Ben Hope",58.4136,-4.6049,927.0,180.7
257,"Eididh nan Clach Geala",927,351366,"Eididh Nan Clach Geala",57.8128,-4.9359,928.0,125.9
258,"Beinn Liath Mhor",926,350331,"Beinn Liath Mhor",57.5163,-5.4006,925.0,469.9
259,"Beinn Narnain",926,350337,"Beinn Narnain",56.2207,-4.7853,926.0,230.5
260,"Geal Charn",926,351555,"Geal Charn (926m)",57.0583,-4.3725,926.0,117.6
261,"Meall a' Choire Leith",926,352577,"Meall A' Choire Leith",56.5666,-4.2587,926.0,65.1
262,"Seana Bhraigh",926,353389,"Seana Bhraigh",57.8464,-4.9002,927.0,235.7
263,"Buachaille Etive Beag* Stob Coire Raineach",925,353684,"Stob Choire Raineach",56.6525,-4.95,925.0,303
264,"Creag Pitridh",924,351070,"Creag Pitridh",56.8996,-4.4872,924.0,136.9
265,"Sgurr nan Eag",924,353452,"Sgurr Nan Eag",57.1964,-6.2084,924.0,184.6
266,"An Coileachan",923,350096,"An Coileachan",57.6686,-4.9476,923.0,156.5
267,"Sgurr nan Each",923,353451,"Sgurr Nan Each",57.6822,-5.0434,923.0,219.3
268,"Tom na Gruagaich (Beinn Alligin)",922,353936,"Tom Na Gruagaich",57.5817,-5.5806,922.0,152.8
269,"An Socach",921,350101,"An Socach (Highland)",57.2574,-5.1679,920.0,204.6
270,"Sgiath Chuil",921,353405,"Sgaith Chuil",56.4545,-4.4969,921.0,168.6
271,"Carn Sgulain",920,350799,"Carn Sgulain",57.125,-4.1747,920.0,154.7
272,"Gairich",919,351533,"Gairich",57.041,-5.2541,919.0,443.8
273,"Ruadh Stac Mor",919,353275,"Ruadh Stac Mor",57.7284,-5.3273,918.0,215.3
274,"A' Ghlas-bheinn",918,350044,"A'Ghlas-Bheinn",57.2549,-5.3033,918.0,31.4
275,"Creag nan Damh",918,351069,"Creag Nan Damh",57.1445,-5.3296,918.0,430.4
276,"Meall na Teanga",918,352591,"Meall Na Teanga",56.9895,-4.928,917.0,183.5
277,"Sgurr a' Mhadaidh",918,353418,"Sgurr A' Mhadaidh",57.2313,-6.2266,918.0,324.4
278,"Geal-charn",917,351554,"Geal Charn (917m)",56.8778,-4.2998,917.0,471.6
279,"Beinn a' Chleibh",916,350307,"Beinn A' Chleibh",56.3907,-4.832,917.0,229.6
280,"Ben Vane",916,350380,"Ben Vane",56.2497,-4.778,916.0,225
281,"Carn Aosda",915,350782,"Carn Aosda",56.8963,-3.4259,917.0,173
282,"Beinn Teallach",915,350341,"Beinn Teallach",56.9363,-4.6958,915.0,75.6
